{"en": {"clean_accuracy": 88.82235528942117, "noisy_accuracy": 80.37924151696608}, "de": {"clean_accuracy": 83.97205588822355, "noisy_accuracy": 78.88223552894212}, "es": {"clean_accuracy": 85.02994011976048, "noisy_accuracy": 79.64071856287424}, "fr": {"clean_accuracy": 84.3313373253493, "noisy_accuracy": 79.52095808383234}, "hi": {"clean_accuracy": 79.40119760479043, "noisy_accuracy": 74.27145708582835}, "tr": {"clean_accuracy": 81.25748502994013, "noisy_accuracy": 77.22554890219561}}