{
    "de": {
        "clean_accuracy": 73.35329341317365,
        "noisy_accuracy": 68.58283433133732
    }
}