{
    "en": {
        "clean_accuracy": 80.11976047904191,
        "noisy_accuracy": 70.47904191616766
    }
}