{
    "es": {
        "clean_accuracy": 75.70858283433134,
        "noisy_accuracy": 69.46107784431138
    }
}