{
    "fr": {
        "clean_accuracy": 73.77245508982035,
        "noisy_accuracy": 68.12375249500998
    }
}