{
    "hi": {
        "clean_accuracy": 65.62874251497006,
        "noisy_accuracy": 62.93413173652694
    }
}