{"en": {"clean_accuracy": 82.39520958083833, "noisy_accuracy": 72.39520958083833}, "de": {"clean_accuracy": 77.84431137724552, "noisy_accuracy": 71.93612774451098}, "es": {"clean_accuracy": 79.08183632734531, "noisy_accuracy": 72.37524950099801}, "fr": {"clean_accuracy": 77.44510978043913, "noisy_accuracy": 72.33532934131736}, "hi": {"clean_accuracy": 69.30139720558883, "noisy_accuracy": 65.50898203592814}, "tr": {"clean_accuracy": 73.45309381237524, "noisy_accuracy": 68.64271457085829}}