{
    "tr": {
        "clean_accuracy": 69.30139720558883,
        "noisy_accuracy": 65.54890219560878
    }
}