{
    "en": {
        "clean_f1": 84.67059910454125,
        "noisy_f1": 79.87428046756366
    },
    "de": {
        "clean_f1": 89.72560865969001,
        "noisy_f1": 86.1203833315387
    },
    "es": {
        "clean_f1": 92.39756592292089,
        "noisy_f1": 88.56772730952957
    },
    "fr": {
        "clean_f1": 91.37211036539895,
        "noisy_f1": 87.1875
    },
    "tr": {
        "clean_f1": 92.65739385065886,
        "noisy_f1": 89.72113305727582
    }
}