{
    "en": {
        "clean_f1": 84.77974899562697,
        "noisy_f1": 80.2078913873568
    },
    "de": {
        "clean_f1": 89.65095358042461,
        "noisy_f1": 86.15914472268065
    },
    "es": {
        "clean_f1": 92.21284879948087,
        "noisy_f1": 88.2672064777328
    },
    "fr": {
        "clean_f1": 91.21853120810368,
        "noisy_f1": 86.92359100022277
    },
    "tr": {
        "clean_f1": 92.66720386784851,
        "noisy_f1": 89.49587534372135
    }
}