{
    "en": {
        "clean_f1": 82.8409090909091,
        "noisy_f1": 79.05040742177853
    },
    "de": {
        "clean_f1": 86.58527827648115,
        "noisy_f1": 83.80672660195566
    },
    "es": {
        "clean_f1": 90.53687745276531,
        "noisy_f1": 87.4924324978811
    },
    "fr": {
        "clean_f1": 88.99147462864376,
        "noisy_f1": 84.9284602268515
    },
    "tr": {
        "clean_f1": 91.37880562060889,
        "noisy_f1": 88.27858947599692
    }
}