{
    "en": {
        "clean_f1": 82.58484623279188,
        "noisy_f1": 79.18398985272354
    },
    "de": {
        "clean_f1": 87.14465408805032,
        "noisy_f1": 84.0334931653904
    },
    "es": {
        "clean_f1": 90.61336785887684,
        "noisy_f1": 87.13549218624135
    },
    "fr": {
        "clean_f1": 89.27214482604485,
        "noisy_f1": 85.23676880222841
    },
    "tr": {
        "clean_f1": 91.54986276303752,
        "noisy_f1": 88.39507980670669
    }
}