{
    "de": {
        "clean_accuracy": 38.36327345309381,
        "noisy_accuracy": 37.84431137724551
    }
}