{
    "en": {
        "clean_accuracy": 69.68063872255489,
        "noisy_accuracy": 61.35728542914172
    }
}