{
    "es": {
        "clean_accuracy": 70.7185628742515,
        "noisy_accuracy": 65.32934131736528
    }
}