{
    "fr": {
        "clean_accuracy": 67.38522954091817,
        "noisy_accuracy": 61.656686626746506
    }
}