{"en": {"clean_accuracy": 71.79640718562874, "noisy_accuracy": 64.77045908183634}, "de": {"clean_accuracy": 67.78443113772455, "noisy_accuracy": 64.39121756487026}, "es": {"clean_accuracy": 69.00199600798403, "noisy_accuracy": 64.49101796407186}, "fr": {"clean_accuracy": 68.12375249500998, "noisy_accuracy": 63.41317365269461}, "hi": {"clean_accuracy": 62.85429141716566, "noisy_accuracy": 60.119760479041915}, "tr": {"clean_accuracy": 65.52894211576846, "noisy_accuracy": 61.71656686626746}}