{"en": {"clean_accuracy": 90.0998003992016, "noisy_accuracy": 83.0938123752495}, "de": {"clean_accuracy": 86.46706586826348, "noisy_accuracy": 81.35728542914171}, "es": {"clean_accuracy": 87.02594810379242, "noisy_accuracy": 81.99600798403193}, "fr": {"clean_accuracy": 86.9061876247505, "noisy_accuracy": 81.91616766467065}, "hi": {"clean_accuracy": 81.81636726546905, "noisy_accuracy": 77.66467065868264}, "tr": {"clean_accuracy": 83.91217564870259, "noisy_accuracy": 79.40119760479043}}