{
    "en": {
        "clean_f1": 32.555101113383316,
        "noisy_f1": 29.21772960955954
    },
    "es": {
        "clean_f1": 51.280991735537185,
        "noisy_f1": 45.334583696161836
    },
    "fr": {
        "clean_f1": 46.85703273054315,
        "noisy_f1": 41.76810139289748
    }
}