{
    "en": {
        "clean_f1": 45.68901989683125,
        "noisy_f1": 39.56860181828986
    },
    "es": {
        "clean_f1": 66.39910813823857,
        "noisy_f1": 56.759080163335476
    },
    "fr": {
        "clean_f1": 62.23759460292456,
        "noisy_f1": 53.05052114452633
    }
}