{
    "en": {
        "clean_f1": 34.59154273740578,
        "noisy_f1": 30.36794212400384
    },
    "es": {
        "clean_f1": 53.19658842602383,
        "noisy_f1": 46.07594936708861
    },
    "fr": {
        "clean_f1": 48.541036400897816,
        "noisy_f1": 42.04754358161649
    }
}