{
    "en": {
        "clean_f1": 43.45916936024882,
        "noisy_f1": 40.094806636464554
    },
    "es": {
        "clean_f1": 64.41994672980171,
        "noisy_f1": 59.499509679293936
    },
    "fr": {
        "clean_f1": 60.010240655401944,
        "noisy_f1": 54.688388585956574
    }
}