{
    "en": {
        "clean_f1": 42.92094958394518,
        "noisy_f1": 39.261483038126684
    },
    "es": {
        "clean_f1": 63.778890033858396,
        "noisy_f1": 57.81300433956174
    },
    "fr": {
        "clean_f1": 58.969647475159924,
        "noisy_f1": 53.6272116124285
    }
}