{
    "en": {
        "clean_f1": 40.763462849352415,
        "noisy_f1": 36.4842550479446
    },
    "es": {
        "clean_f1": 61.908025247971146,
        "noisy_f1": 55.23983041939666
    },
    "fr": {
        "clean_f1": 58.36864053377814,
        "noisy_f1": 52.03559438052088
    }
}