{
    "en": {
        "clean_f1": 44.110078411189484,
        "noisy_f1": 37.94487243328744
    },
    "es": {
        "clean_f1": 65.2362089201878,
        "noisy_f1": 55.16074450084603
    },
    "fr": {
        "clean_f1": 61.03219696969696,
        "noisy_f1": 51.29510015006198
    }
}