{
    "en": {
        "clean_f1": 27.55440589326885,
        "noisy_f1": 24.648506151142353
    },
    "es": {
        "clean_f1": 40.85268214571657,
        "noisy_f1": 36.03363745576155
    },
    "fr": {
        "clean_f1": 39.44957017350506,
        "noisy_f1": 34.81684249377172
    }
}