{
    "en": {
        "clean_f1": 45.02248693326851,
        "noisy_f1": 38.07515449726152
    },
    "es": {
        "clean_f1": 66.03092783505153,
        "noisy_f1": 55.940646528881835
    },
    "fr": {
        "clean_f1": 61.47643730731443,
        "noisy_f1": 51.86105029247411
    }
}

"en": {
    "clean_f1": 42.126090475762204,
    "noisy_f1": 37.9779498006099
},
"es": {
    "clean_f1": 63.39100346020761,
    "noisy_f1": 56.48849557522124
},
"fr": {
    "clean_f1": 58.74107112914585,
    "noisy_f1": 52.759490354066365
}