{
    "en": {
        "clean_f1": 45.38659478005147,
        "noisy_f1": 40.85124264617601
    },
    "es": {
        "clean_f1": 65.87800369685766,
        "noisy_f1": 59.24189418256572
    },
    "fr": {
        "clean_f1": 61.28056037267504,
        "noisy_f1": 54.993523531170084
    }
}