{
    "en": {
        "clean_f1": 43.85896002658852,
        "noisy_f1": 39.551731275318616
    },
    "es": {
        "clean_f1": 64.73607038123167,
        "noisy_f1": 57.97629248786061
    },
    "fr": {
        "clean_f1": 60.10457075392141,
        "noisy_f1": 53.88795573559925
    }
}