{
    "en": {
        "clean_f1": 32.79370952821461,
        "noisy_f1": 29.585966503244826
    },
    "es": {
        "clean_f1": 50.29799029799029,
        "noisy_f1": 44.46541728461642
    },
    "fr": {
        "clean_f1": 47.82964247162344,
        "noisy_f1": 42.697853252162766
    }
}