{
    "en": {
        "clean_accuracy": 98.5,
        "noisy_accuracy": 97.71428571428571
    },
    "de": {
        "clean_accuracy": 98.21428571428571,
        "noisy_accuracy": 97.21428571428572
    },
    "es": {
        "clean_accuracy": 98.42857142857143,
        "noisy_accuracy": 97.78571428571429
    },
    "fr": {
        "clean_accuracy": 98.14285714285714,
        "noisy_accuracy": 97.28571428571429
    }
}