{
    "en": {
        "clean_accuracy": 98.78571428571429,
        "noisy_accuracy": 97.92857142857143
    },
    "de": {
        "clean_accuracy": 98.35714285714286,
        "noisy_accuracy": 97.57142857142857
    },
    "es": {
        "clean_accuracy": 98.0,
        "noisy_accuracy": 97.35714285714285
    },
    "fr": {
        "clean_accuracy": 98.21428571428571,
        "noisy_accuracy": 97.28571428571429
    }
}