{
    "en": {
        "clean_f1": 54.97122302158274,
        "noisy_f1": 51.366972802382904
    },
    "de": {
        "clean_f1": 38.29413976024394,
        "noisy_f1": 36.40585479122611
    },
    "es": {
        "clean_f1": 45.037425466232506,
        "noisy_f1": 42.70247587075116
    },
    "fr": {
        "clean_f1": 57.27940319384543,
        "noisy_f1": 54.39932318104908
    },
    "tr": {
        "clean_f1": 48.38058252427185,
        "noisy_f1": 46.21991797570224
    }
}