{
    "all_results": [
        {
            "en": {
                "clean_accuracy": 98.85714285714286,
                "noisy_accuracy": 98.64285714285714
            },
            "de": {
                "clean_accuracy": 98.71428571428571,
                "noisy_accuracy": 98.0
            },
            "es": {
                "clean_accuracy": 98.85714285714286,
                "noisy_accuracy": 98.21428571428571
            },
            "fr": {
                "clean_accuracy": 98.42857142857143,
                "noisy_accuracy": 98.07142857142857
            },
            "hi": {
                "clean_accuracy": 98.07142857142857,
                "noisy_accuracy": 97.35714285714285
            }
        },
        {
            "en": {
                "clean_accuracy": 99.0,
                "noisy_accuracy": 98.5
            },
            "de": {
                "clean_accuracy": 98.85714285714286,
                "noisy_accuracy": 98.28571428571429
            },
            "es": {
                "clean_accuracy": 98.85714285714286,
                "noisy_accuracy": 98.21428571428571
            },
            "fr": {
                "clean_accuracy": 98.42857142857143,
                "noisy_accuracy": 97.85714285714285
            },
            "hi": {
                "clean_accuracy": 98.0,
                "noisy_accuracy": 97.21428571428572
            }
        },
        {
            "en": {
                "clean_accuracy": 98.92857142857143,
                "noisy_accuracy": 98.21428571428571
            },
            "de": {
                "clean_accuracy": 98.92857142857143,
                "noisy_accuracy": 98.21428571428571
            },
            "es": {
                "clean_accuracy": 98.5,
                "noisy_accuracy": 97.92857142857143
            },
            "fr": {
                "clean_accuracy": 98.5,
                "noisy_accuracy": 98.07142857142857
            },
            "hi": {
                "clean_accuracy": 98.07142857142857,
                "noisy_accuracy": 97.42857142857143
            }
        }
    ],
    "average_results": {
        "en": {
            "clean_accuracy": 98.92857142857143,
            "noisy_accuracy": 98.45238095238095
        },
        "de": {
            "clean_accuracy": 98.83333333333333,
            "noisy_accuracy": 98.16666666666667
        },
        "es": {
            "clean_accuracy": 98.73809523809524,
            "noisy_accuracy": 98.1190476190476
        },
        "fr": {
            "clean_accuracy": 98.45238095238096,
            "noisy_accuracy": 98.0
        },
        "hi": {
            "clean_accuracy": 98.04761904761904,
            "noisy_accuracy": 97.33333333333333
        }
    }
}