{"en": {"clean_accuracy": 81.21756487025948, "noisy_accuracy": 73.3932135728543}, "de": {"clean_accuracy": 77.58483033932136, "noisy_accuracy": 73.15369261477046}, "es": {"clean_accuracy": 77.88423153692615, "noisy_accuracy": 72.9940119760479}, "fr": {"clean_accuracy": 77.82435129740519, "noisy_accuracy": 73.05389221556887}, "hi": {"clean_accuracy": 65.72854291417165, "noisy_accuracy": 63.51297405189621}, "tr": {"clean_accuracy": 74.09181636726547, "noisy_accuracy": 71.05788423153693}}