{
    "en": {
        "clean_f1": 42.46488317921931,
        "noisy_f1": 40.40510232688534
    },
    "de": {
        "clean_f1": 28.618927905279374,
        "noisy_f1": 26.994851994852
    },
    "es": {
        "clean_f1": 37.755693581780534,
        "noisy_f1": 35.46858403464336
    },
    "fr": {
        "clean_f1": 47.08723211590703,
        "noisy_f1": 44.761904761904766
    },
    "tr": {
        "clean_f1": 34.55390988315292,
        "noisy_f1": 32.806416446036444
    }
}