{
    "all_results": [
        {
            "en": {
                "clean_accuracy": 99.14285714285714,
                "noisy_accuracy": 99.0
            },
            "de": {
                "clean_accuracy": 98.85714285714286,
                "noisy_accuracy": 98.78571428571429
            },
            "es": {
                "clean_accuracy": 98.85714285714286,
                "noisy_accuracy": 98.71428571428571
            },
            "fr": {
                "clean_accuracy": 98.64285714285714,
                "noisy_accuracy": 98.21428571428571
            },
            "hi": {
                "clean_accuracy": 98.71428571428571,
                "noisy_accuracy": 97.92857142857143
            }
        },
        {
            "en": {
                "clean_accuracy": 98.92857142857143,
                "noisy_accuracy": 98.57142857142858
            },
            "de": {
                "clean_accuracy": 98.85714285714286,
                "noisy_accuracy": 98.57142857142858
            },
            "es": {
                "clean_accuracy": 98.78571428571429,
                "noisy_accuracy": 98.64285714285714
            },
            "fr": {
                "clean_accuracy": 98.85714285714286,
                "noisy_accuracy": 98.5
            },
            "hi": {
                "clean_accuracy": 98.42857142857143,
                "noisy_accuracy": 98.21428571428571
            }
        },
        {
            "en": {
                "clean_accuracy": 99.07142857142858,
                "noisy_accuracy": 98.71428571428571
            },
            "de": {
                "clean_accuracy": 99.0,
                "noisy_accuracy": 98.64285714285714
            },
            "es": {
                "clean_accuracy": 99.07142857142858,
                "noisy_accuracy": 98.92857142857143
            },
            "fr": {
                "clean_accuracy": 99.0,
                "noisy_accuracy": 98.71428571428571
            },
            "hi": {
                "clean_accuracy": 98.78571428571429,
                "noisy_accuracy": 98.57142857142858
            }
        }
    ],
    "average_results": {
        "en": {
            "clean_accuracy": 99.04761904761904,
            "noisy_accuracy": 98.76190476190476
        },
        "de": {
            "clean_accuracy": 98.90476190476191,
            "noisy_accuracy": 98.66666666666667
        },
        "es": {
            "clean_accuracy": 98.90476190476193,
            "noisy_accuracy": 98.76190476190476
        },
        "fr": {
            "clean_accuracy": 98.83333333333333,
            "noisy_accuracy": 98.47619047619048
        },
        "hi": {
            "clean_accuracy": 98.64285714285715,
            "noisy_accuracy": 98.23809523809524
        }
    }
}