{
    "en": {
        "clean_f1": 38.38888220430754,
        "noisy_f1": 34.62526197715264
    },
    "de": {
        "clean_f1": 46.500228743219395,
        "noisy_f1": 42.792255903102145
    },
    "es": {
        "clean_f1": 50.95371669004207,
        "noisy_f1": 46.54420600858369
    },
    "fr": {
        "clean_f1": 48.88056021303876,
        "noisy_f1": 43.99948410395306
    }
}