{
    "en": {
        "clean_f1": 41.28554520348396,
        "noisy_f1": 37.30677764565993
    },
    "de": {
        "clean_f1": 50.73526992795341,
        "noisy_f1": 46.689782559383005
    },
    "es": {
        "clean_f1": 54.45362718089991,
        "noisy_f1": 49.56957649092481
    },
    "fr": {
        "clean_f1": 52.45934284766014,
        "noisy_f1": 46.579519283791235
    }
}