{
    "en": {
        "clean_f1": 59.53661860698659,
        "noisy_f1": 56.6957632531403
    },
    "de": {
        "clean_f1": 44.14835276434984,
        "noisy_f1": 42.64973510737251
    },
    "es": {
        "clean_f1": 47.02811921198855,
        "noisy_f1": 45.01801726305204
    },
    "fr": {
        "clean_f1": 60.862182084828845,
        "noisy_f1": 58.45375445590095
    },
    "tr": {
        "clean_f1": 51.47201427407781,
        "noisy_f1": 49.94579526095711
    }
}