{
    "en": {
        "clean_accuracy": 89.58083832335329,
        "noisy_accuracy": 82.59481037924151
    },
    "es": {
        "clean_accuracy": 86.16766467065868,
        "noisy_accuracy": 81.55688622754491
    },
    "fr": {
        "clean_accuracy": 86.00798403193612,
        "noisy_accuracy": 81.19760479041916
    },
    "hi": {
        "clean_accuracy": 78.1437125748503,
        "noisy_accuracy": 74.03193612774452
    }
}