{"en": {"clean_accuracy": 89.52095808383234, "noisy_accuracy": 82.45508982035929}, "es": {"clean_accuracy": 86.62674650698602, "noisy_accuracy": 81.437125748503}, "fr": {"clean_accuracy": 85.72854291417165, "noisy_accuracy": 80.97804391217565}, "hi": {"clean_accuracy": 78.32335329341318, "noisy_accuracy": 73.81237524950099}}