{
    "en": {
        "clean_accuracy": 98.92857142857143,
        "noisy_accuracy": 98.78571428571429
    },
    "de": {
        "clean_accuracy": 98.92857142857143,
        "noisy_accuracy": 98.71428571428571
    },
    "es": {
        "clean_accuracy": 98.78571428571429,
        "noisy_accuracy": 98.5
    },
    "fr": {
        "clean_accuracy": 98.78571428571429,
        "noisy_accuracy": 98.5
    },
    "hi": {
        "clean_accuracy": 98.64285714285714,
        "noisy_accuracy": 98.07142857142857
    }
}