{
    "en": {
        "clean_accuracy": 99.14285714285714,
        "noisy_accuracy": 98.92857142857143
    },
    "de": {
        "clean_accuracy": 99.07142857142858,
        "noisy_accuracy": 98.64285714285714
    },
    "es": {
        "clean_accuracy": 99.14285714285714,
        "noisy_accuracy": 98.78571428571429
    },
    "fr": {
        "clean_accuracy": 98.85714285714286,
        "noisy_accuracy": 98.78571428571429
    },
    "hi": {
        "clean_accuracy": 98.64285714285714,
        "noisy_accuracy": 98.07142857142857
    }
}