{
    "all_results": [
        {
            "en": {
                "clean_accuracy": 99.14285714285714,
                "noisy_accuracy": 98.92857142857143
            },
            "de": {
                "clean_accuracy": 99.07142857142858,
                "noisy_accuracy": 98.64285714285714
            },
            "es": {
                "clean_accuracy": 99.14285714285714,
                "noisy_accuracy": 98.78571428571429
            },
            "fr": {
                "clean_accuracy": 98.85714285714286,
                "noisy_accuracy": 98.78571428571429
            },
            "hi": {
                "clean_accuracy": 98.64285714285714,
                "noisy_accuracy": 98.07142857142857
            }
        },
        {
            "en": {
                "clean_accuracy": 98.92857142857143,
                "noisy_accuracy": 98.78571428571429
            },
            "de": {
                "clean_accuracy": 98.92857142857143,
                "noisy_accuracy": 98.71428571428571
            },
            "es": {
                "clean_accuracy": 98.78571428571429,
                "noisy_accuracy": 98.5
            },
            "fr": {
                "clean_accuracy": 98.78571428571429,
                "noisy_accuracy": 98.5
            },
            "hi": {
                "clean_accuracy": 98.64285714285714,
                "noisy_accuracy": 98.07142857142857
            }
        },
        {
            "en": {
                "clean_accuracy": 99.07142857142858,
                "noisy_accuracy": 98.5
            },
            "de": {
                "clean_accuracy": 98.78571428571429,
                "noisy_accuracy": 98.57142857142858
            },
            "es": {
                "clean_accuracy": 98.78571428571429,
                "noisy_accuracy": 98.35714285714286
            },
            "fr": {
                "clean_accuracy": 98.78571428571429,
                "noisy_accuracy": 98.71428571428571
            },
            "hi": {
                "clean_accuracy": 98.71428571428571,
                "noisy_accuracy": 98.28571428571429
            }
        }
    ],
    "average_results": {
        "en": {
            "clean_accuracy": 99.04761904761904,
            "noisy_accuracy": 98.73809523809524
        },
        "de": {
            "clean_accuracy": 98.92857142857143,
            "noisy_accuracy": 98.64285714285715
        },
        "es": {
            "clean_accuracy": 98.90476190476191,
            "noisy_accuracy": 98.54761904761904
        },
        "fr": {
            "clean_accuracy": 98.80952380952381,
            "noisy_accuracy": 98.66666666666667
        },
        "hi": {
            "clean_accuracy": 98.66666666666667,
            "noisy_accuracy": 98.14285714285715
        }
    }
}