{"en": {"clean_accuracy": 90.67864271457086, "noisy_accuracy": 84.59081836327346}, "de": {"clean_accuracy": 84.63073852295409, "noisy_accuracy": 78.54291417165669}, "es": {"clean_accuracy": 86.30738522954093, "noisy_accuracy": 80.41916167664671}, "fr": {"clean_accuracy": 86.24750499001996, "noisy_accuracy": 81.53692614770459}}