{
    "all_results": [
        {
            "en": {
                "clean_accuracy": 98.78571428571429,
                "noisy_accuracy": 98.35714285714286
            },
            "de": {
                "clean_accuracy": 99.0,
                "noisy_accuracy": 98.64285714285714
            },
            "es": {
                "clean_accuracy": 98.42857142857143,
                "noisy_accuracy": 98.35714285714286
            },
            "fr": {
                "clean_accuracy": 98.78571428571429,
                "noisy_accuracy": 98.07142857142857
            },
            "hi": {
                "clean_accuracy": 98.64285714285714,
                "noisy_accuracy": 98.14285714285714
            }
        },
        {
            "en": {
                "clean_accuracy": 98.85714285714286,
                "noisy_accuracy": 98.64285714285714
            },
            "de": {
                "clean_accuracy": 98.92857142857143,
                "noisy_accuracy": 98.57142857142858
            },
            "es": {
                "clean_accuracy": 98.42857142857143,
                "noisy_accuracy": 97.64285714285714
            },
            "fr": {
                "clean_accuracy": 98.57142857142858,
                "noisy_accuracy": 98.0
            },
            "hi": {
                "clean_accuracy": 98.57142857142858,
                "noisy_accuracy": 97.85714285714285
            }
        },
        {
            "en": {
                "clean_accuracy": 99.0,
                "noisy_accuracy": 98.5
            },
            "de": {
                "clean_accuracy": 99.0,
                "noisy_accuracy": 98.42857142857143
            },
            "es": {
                "clean_accuracy": 98.57142857142858,
                "noisy_accuracy": 98.14285714285714
            },
            "fr": {
                "clean_accuracy": 98.78571428571429,
                "noisy_accuracy": 97.5
            },
            "hi": {
                "clean_accuracy": 98.35714285714286,
                "noisy_accuracy": 98.07142857142857
            }
        }
    ],
    "average_results": {
        "en": {
            "clean_accuracy": 98.8809523809524,
            "noisy_accuracy": 98.5
        },
        "de": {
            "clean_accuracy": 98.97619047619048,
            "noisy_accuracy": 98.54761904761905
        },
        "es": {
            "clean_accuracy": 98.47619047619048,
            "noisy_accuracy": 98.04761904761904
        },
        "fr": {
            "clean_accuracy": 98.71428571428572,
            "noisy_accuracy": 97.85714285714285
        },
        "hi": {
            "clean_accuracy": 98.52380952380952,
            "noisy_accuracy": 98.02380952380952
        }
    }
}