{
    "en": {
        "clean_f1": 53.272528274352425,
        "noisy_f1": 50.16382817844669
    },
    "de": {
        "clean_f1": 36.61526632779463,
        "noisy_f1": 34.27011132115102
    },
    "es": {
        "clean_f1": 42.76026783810295,
        "noisy_f1": 40.96783762023814
    },
    "fr": {
        "clean_f1": 55.819375898651536,
        "noisy_f1": 53.10209876069525
    },
    "tr": {
        "clean_f1": 45.8739984050431,
        "noisy_f1": 44.261178784898235
    }
}