{
    "en": {
        "clean_f1": 54.45327388443422,
        "noisy_f1": 51.659544159544154
    },
    "de": {
        "clean_f1": 39.079687631203285,
        "noisy_f1": 37.07256563985941
    },
    "es": {
        "clean_f1": 44.14414414414414,
        "noisy_f1": 42.37111250260906
    },
    "fr": {
        "clean_f1": 56.35914078195023,
        "noisy_f1": 53.86495569813625
    },
    "tr": {
        "clean_f1": 47.43827160493827,
        "noisy_f1": 45.726561301212215
    }
}