{"en": {"clean_accuracy": 84.13173652694611, "noisy_accuracy": 75.58882235528942}, "de": {"clean_accuracy": 79.40119760479043, "noisy_accuracy": 74.0119760479042}, "es": {"clean_accuracy": 80.79840319361278, "noisy_accuracy": 75.08982035928143}, "fr": {"clean_accuracy": 79.9001996007984, "noisy_accuracy": 75.42914171656686}, "hi": {"clean_accuracy": 74.5309381237525, "noisy_accuracy": 71.15768463073853}, "tr": {"clean_accuracy": 76.30738522954091, "noisy_accuracy": 71.27744510978043}}