{
    "en": {
        "clean_accuracy": 99.07142857142858,
        "noisy_accuracy": 98.5
    },
    "de": {
        "clean_accuracy": 98.85714285714286,
        "noisy_accuracy": 98.57142857142858
    },
    "es": {
        "clean_accuracy": 98.5,
        "noisy_accuracy": 98.07142857142857
    },
    "fr": {
        "clean_accuracy": 98.64285714285714,
        "noisy_accuracy": 98.07142857142857
    },
    "hi": {
        "clean_accuracy": 98.5,
        "noisy_accuracy": 97.42857142857143
    }
}