{
    "en": {
        "clean_accuracy": 99.07142857142858,
        "noisy_accuracy": 98.42857142857143
    },
    "de": {
        "clean_accuracy": 98.64285714285714,
        "noisy_accuracy": 98.42857142857143
    },
    "es": {
        "clean_accuracy": 98.5,
        "noisy_accuracy": 98.21428571428571
    },
    "fr": {
        "clean_accuracy": 98.42857142857143,
        "noisy_accuracy": 98.0
    },
    "hi": {
        "clean_accuracy": 98.5,
        "noisy_accuracy": 97.71428571428571
    }
}