{
    "en": {
        "clean_accuracy": 99.07142857142858,
        "noisy_accuracy": 98.42857142857143
    },
    "de": {
        "clean_accuracy": 98.78571428571429,
        "noisy_accuracy": 98.5
    },
    "es": {
        "clean_accuracy": 98.64285714285714,
        "noisy_accuracy": 98.28571428571429
    },
    "fr": {
        "clean_accuracy": 98.64285714285714,
        "noisy_accuracy": 98.35714285714286
    },
    "hi": {
        "clean_accuracy": 98.64285714285714,
        "noisy_accuracy": 97.71428571428571
    }
}