{
    "en": {
        "clean_accuracy": 98.85714285714286,
        "noisy_accuracy": 98.21428571428571
    },
    "es": {
        "clean_accuracy": 98.64285714285714,
        "noisy_accuracy": 98.14285714285714
    },
    "fr": {
        "clean_accuracy": 98.28571428571429,
        "noisy_accuracy": 97.85714285714285
    },
    "hi": {
        "clean_accuracy": 97.71428571428571,
        "noisy_accuracy": 96.85714285714285
    }
}