{
    "all_results": [
        {
            "en": {
                "clean_accuracy": 98.85714285714286,
                "noisy_accuracy": 97.78571428571429
            },
            "es": {
                "clean_accuracy": 98.64285714285714,
                "noisy_accuracy": 97.71428571428571
            },
            "fr": {
                "clean_accuracy": 98.14285714285714,
                "noisy_accuracy": 97.35714285714285
            },
            "hi": {
                "clean_accuracy": 97.85714285714285,
                "noisy_accuracy": 96.92857142857143
            }
        },
        {
            "en": {
                "clean_accuracy": 98.85714285714286,
                "noisy_accuracy": 98.21428571428571
            },
            "es": {
                "clean_accuracy": 98.64285714285714,
                "noisy_accuracy": 98.14285714285714
            },
            "fr": {
                "clean_accuracy": 98.28571428571429,
                "noisy_accuracy": 97.85714285714285
            },
            "hi": {
                "clean_accuracy": 97.71428571428571,
                "noisy_accuracy": 96.85714285714285
            }
        },
        {
            "en": {
                "clean_accuracy": 98.64285714285714,
                "noisy_accuracy": 98.14285714285714
            },
            "es": {
                "clean_accuracy": 98.28571428571429,
                "noisy_accuracy": 97.42857142857143
            },
            "fr": {
                "clean_accuracy": 98.07142857142857,
                "noisy_accuracy": 97.78571428571429
            },
            "hi": {
                "clean_accuracy": 97.71428571428571,
                "noisy_accuracy": 97.0
            }
        }
    ],
    "average_results": {
        "en": {
            "clean_accuracy": 98.78571428571429,
            "noisy_accuracy": 98.04761904761904
        },
        "es": {
            "clean_accuracy": 98.52380952380952,
            "noisy_accuracy": 97.76190476190476
        },
        "fr": {
            "clean_accuracy": 98.16666666666667,
            "noisy_accuracy": 97.66666666666667
        },
        "hi": {
            "clean_accuracy": 97.76190476190476,
            "noisy_accuracy": 96.92857142857143
        }
    }
}