{
    "en": {
        "clean_accuracy": 98.85714285714286,
        "noisy_accuracy": 97.78571428571429
    },
    "es": {
        "clean_accuracy": 98.64285714285714,
        "noisy_accuracy": 97.71428571428571
    },
    "fr": {
        "clean_accuracy": 98.14285714285714,
        "noisy_accuracy": 97.35714285714285
    },
    "hi": {
        "clean_accuracy": 97.85714285714285,
        "noisy_accuracy": 96.92857142857143
    }
}