{
    "en": {
        "clean_f1": 45.03159924304637,
        "noisy_f1": 42.352437370637354
    },
    "de": {
        "clean_f1": 29.599312405353412,
        "noisy_f1": 27.677802828448456
    },
    "es": {
        "clean_f1": 40.354338973088716,
        "noisy_f1": 38.03016415298725
    },
    "fr": {
        "clean_f1": 50.43571319370127,
        "noisy_f1": 47.678824294844816
    },
    "tr": {
        "clean_f1": 38.41851794314122,
        "noisy_f1": 36.219178082191775
    }
}