{
    "en": {
        "clean_f1": 43.273052820053714,
        "noisy_f1": 40.52455277599601
    },
    "de": {
        "clean_f1": 28.149363972096843,
        "noisy_f1": 26.614127980954727
    },
    "es": {
        "clean_f1": 38.67695145468265,
        "noisy_f1": 36.237541528239205
    },
    "fr": {
        "clean_f1": 47.95757599046997,
        "noisy_f1": 45.21260324258183
    },
    "tr": {
        "clean_f1": 34.81774960380349,
        "noisy_f1": 32.51974156496769
    }
}